"","Location","Latitude","Longitude","Q","Quality","Width","Area","new_date"
"5","ATH_39",58.351353,-111.5397997,984.7803474,2,"468.893",1250.994385,2018-08-13 10:47:51
"6","ATH_39",58.35138008,-111.5398557,1001.72727,2,"471.399",1289.317993,2018-08-13 10:55:31
"7","ATH_40",58.35955687,-111.5493525,381.5768589,2,"100.865",279.6478271,2018-08-13 11:16:30
"8","ATH_40",58.35967524,-111.5494792,428.7601703,3,"115.738",336.4491577,2018-08-13 11:19:46
"9","ATH_41",58.37287413,-111.5479148,587.2186413,3,"175.883",673.2396851,2018-08-13 11:29:18
"10","ATH_41",58.37295865,-111.5479819,567.9544563,3,"178.555",652.5518799,2018-08-13 11:33:15
"11","ATH_42",58.37916267,-111.544726,589.2544738,2.5,"176.766",681.4954834,2018-08-13 11:40:32
"12","ATH_42",58.37930947,-111.5445751,593.2744835,2.5,"171.679",678.4502563,2018-08-13 11:44:47
"13","EM_28",58.3882834,-111.5380557,181.4265303,3,"122.911",236.0382233,2018-08-13 11:54:52
"14","EM_28",58.38842386,-111.5381198,171.1089316,3,"116.892",235.4052124,2018-08-13 11:58:24
"16","EM_29",58.39140771,-111.5409782,194.314977,3,"123.924",251.4696655,2018-08-13 12:06:16
"18","EM_30",58.39606852,-111.5487393,167.4226946,2,"95.428",240.3698273,2018-08-13 12:16:06
"19","EM_30",58.39613193,-111.5488723,175.6597987,2,"91.747",238.0713348,2018-08-13 12:18:09
"21","EM_31",58.40190189,-111.5519048,188.3739333,2,"110.923",242.9776154,2018-08-13 12:23:29
"22","EM_31",58.40179747,-111.5519246,187.6586138,3,"109.024",245.6408234,2018-08-13 12:27:14
"23","EM_32",58.40693463,-111.5593393,184.7775934,2,"115.058",355.8874207,2018-08-13 12:33:05
"24","EM_32",58.40693538,-111.5593365,182.4419407,2,"110.017",351.9159546,2018-08-13 12:35:53
"25","EM_33",58.41119311,-111.5588151,193.0541822,2,"107.215",338.1567078,2018-08-13 12:42:54
"26","EM_33",58.4112231,-111.5588672,187.6337168,2,"117.861",362.6570435,2018-08-13 12:46:01
"27","EM_34",58.41436335,-111.5631136,186.8973317,2,"94.69",280.0630493,2018-08-13 12:51:07
"28","EM_34",58.41421635,-111.5629402,187.4070069,2,"100.079",283.7424316,2018-08-13 12:53:27
"29","EM_35",58.42030505,-111.562378,201.3419457,2,"111.897",297.7268066,2018-08-13 13:01:30
"30","EM_35",58.42043724,-111.5621235,201.0653221,2,"112.933",294.1713257,2018-08-13 13:03:50
"31","EM_36",58.42966189,-111.545484,187.0437404,2,"121.986",277.1583252,2018-08-13 14:07:28
"32","EM_36",58.4295732,-111.5455792,188.1780654,2,"122.339",274.4428101,2018-08-13 14:10:20
"34","EM_37",58.42416009,-111.5531014,181.1946413,2,"90.056",253.7766724,2018-08-13 14:17:10
"35","EM_37",58.42412692,-111.5531025,184.5204898,2,"119.197",254.9833374,2018-08-13 14:19:42
"37","EM_38",58.43470656,-111.5383583,193.0992088,2,"129.83",260.0862427,2018-08-13 14:31:15
"38","EM_39",58.44057135,-111.5392497,219.6616618,2,"127.574",331.3830872,2018-08-13 14:40:35
"39","EM_39",58.44064118,-111.5392808,223.2686957,2,"126.929",318.3917847,2018-08-13 14:43:28
"40","EM_40",58.44479086,-111.5429448,167.5554111,2,"115.841",262.0345459,2018-08-13 14:49:26
"41","EM_40",58.44480882,-111.5430751,182.2421804,2,"120.465",267.7257996,2018-08-13 14:52:14
"43","EM_41",58.44514976,-111.5504318,187.2281122,2.5,"104.713",278.6517334,2018-08-13 15:02:57
"44","EM_41",58.44508318,-111.5502792,181.7912325,2.5,"104.628",274.2069702,2018-08-13 15:05:11
"45","EM_42",58.44520881,-111.560315,158.7472507,2,"103.955",233.0662689,2018-08-13 15:11:35
"46","EM_42",58.44520338,-111.5601312,155.8296176,2,"106.589",238.1016998,2018-08-13 15:14:39
"47","EM_43",58.45110974,-111.5646657,184.3476532,2,"109.777",266.8156433,2018-08-13 15:29:03
"48","EM_43",58.45107767,-111.5645955,176.0761337,2,"109.767",255.7818146,2018-08-13 15:31:43
"49","EM_44",58.45590853,-111.5572035,186.9748187,3,"103.46",285.2935486,2018-08-13 15:38:28
"50","EM_44",58.45580802,-111.5570829,187.3707027,3,"99.273",284.2070923,2018-08-13 15:41:23
"51","EM_45",58.45750201,-111.5458378,183.8965437,3,"107.805",274.6897583,2018-08-13 15:47:32
"52","EM_45",58.4574281,-111.5459274,184.0280173,3,"107.087",273.6363831,2018-08-13 15:50:22
"53","EM_46",58.45639581,-111.5331672,188.9737272,2.5,"189.608",258.6654053,2018-08-13 15:57:44
"54","EM_46",58.45630134,-111.5326382,176.1635343,2.5,"190.588",269.4715881,2018-08-13 16:02:53
"55","EM_47",58.45403104,-111.5202805,190.220885,2,"143.16",273.5372314,2018-08-13 16:12:54
"56","EM_47",58.45397279,-111.5198371,189.0905653,2,"150.238",282.5514832,2018-08-13 16:15:58
"57","EM_48",58.45093088,-111.5131752,188.9671754,2,"136.836",265.0574951,2018-08-13 16:24:36
"58","EM_48",58.45083591,-111.5129237,178.2100571,2,"135.307",264.0230713,2018-08-13 16:27:47
"59","EM_49",58.44619399,-111.510776,185.9943019,2,"118.745",273.467926,2018-08-13 16:34:03
"60","EM_49",58.44626638,-111.5109355,183.8141293,2,"116.967",291.160675,2018-08-13 16:37:02
"61","EM_50",58.4463406,-111.5043104,185.097049,2,"83.711",252.8603668,2018-08-13 16:41:53
"62","EM_50",58.44639794,-111.5041419,187.3940647,2.5,"88.903",257.9078979,2018-08-13 16:44:00
"63","EM_51",58.45277289,-111.4994052,184.2543396,3,"144.893",304.4691772,2018-08-13 16:50:13
"64","EM_51",58.45309494,-111.4991193,184.6119257,3,"146.868",301.0896912,2018-08-13 16:53:58
"66","EM_52",58.45907382,-111.4940922,186.7341915,2,"155.623",289.0999451,2018-08-13 17:07:01
"67","EM_52",58.45931939,-111.4938631,180.5288991,3,"143.915",286.0774841,2018-08-13 17:10:24
"68","EM_53",58.46875553,-111.4901818,186.5772753,2,"171.792",296.2718201,2018-08-13 17:19:34
"69","EM_53",58.46900446,-111.4900011,176.0281362,2,"161.932",290.4318542,2018-08-13 17:23:28
"70","EM_54",58.47505175,-111.4869781,167.7114289,3,"135.831",323.4071045,2018-08-13 17:32:15
"71","EM_54",58.47513029,-111.4870591,172.1209724,3,"135.901",321.8627319,2018-08-13 17:35:28
"72","EM_55",58.47790049,-111.4815661,187.3181795,2,"132.39",357.7204895,2018-08-13 17:41:26
"73","EM_55",58.47800056,-111.4814301,182.0204168,3,"128.831",360.6919556,2018-08-13 17:45:05
"74","EM_56",58.47921652,-111.4741505,66.21262469,2,"77.913",133.9486237,2018-08-13 17:52:10
"75","EM_56",58.47927931,-111.4741911,60.60828036,2,"77.983",136.6232758,2018-08-13 17:54:44
"76","RC1",58.91457917,-111.17825,1655.44222,2,"354.316",2926.544922,2018-08-17 10:32:02
"77","RC1",58.9145595,-111.1782877,1678.338827,2,"359.199",2926.544189,2018-08-17 10:37:49
"78","RC2",58.9007173,-111.1904278,1650.445777,2,"281.365",2715.407959,2018-08-17 10:53:25
"79","RC2",58.90137282,-111.1900459,1669.533633,2,"283.4",2751.047363,2018-08-17 10:58:32
"80","RC3",58.88850532,-111.19518,1631.065715,2,"206.997",3502.999512,2018-08-17 11:11:23
"81","RC3",58.88852619,-111.1954134,1566.634451,2,"203.359",3634.07666,2018-08-17 11:15:29
"82","RC4",58.88324474,-111.2161726,1698.636789,2,"281.129",2776.662109,2018-08-17 11:30:34
"83","RC4",58.88336849,-111.2152765,1685.778983,2,"283.228",2772.09082,2018-08-17 11:36:24
"84","RC5",58.87805679,-111.2395276,1630.450466,2,"267.322",2830.619141,2018-08-17 11:50:37
"85","RC5",58.87822833,-111.2384775,1510.335072,2,"272.268",2858.491211,2018-08-17 11:56:04
"86","RC6",58.8714618,-111.2521264,1645.236566,2,"301.57",2635.82959,2018-08-17 12:13:39
"87","RC6",58.87196201,-111.2514029,1700.386227,2,"315.991",2707.612793,2018-08-17 12:20:07
"88","RC7",58.86074036,-111.2575957,1642.350956,2,"373.512",2609.437988,2018-08-17 12:34:34
"89","RC7",58.86143725,-111.2575061,1657.673213,2,"362.365",2612.254639,2018-08-17 12:41:14
"93","RC8",58.85119205,-111.2623596,1642.551545,2,"334.803",2672.523926,2018-08-17 13:07:35
"94","RC8",58.85103697,-111.2624483,1630.090306,2,"334.795",2660.951172,2018-08-17 13:13:58
"96","RC9",58.84474848,-111.2660646,1726.575144,2,"319.696",2754.100342,2018-08-17 13:54:37
"97","RC9",58.84524252,-111.265681,1728.583524,2,"346.235",2731.770508,2018-08-17 13:59:26
"98","RC10",58.82104533,-111.2795333,1711.704201,2,"263.041",2713.827148,2018-08-17 14:16:19
"99","RC10",58.82124013,-111.2795573,1686.470157,2,"260.606",2686.206787,2018-08-17 14:21:16
"100","RC11",58.81110275,-111.2831065,1256.200065,2,"191.276",2236.937988,2018-08-17 14:32:45
"101","RC11",58.81105192,-111.2831998,1224.002252,2,"194.143",2216.311279,2018-08-17 14:36:47
"102","RC12",58.80619159,-111.2885345,513.3215545,2,"190.708",954.4016113,2018-08-17 14:45:51
"103","RC12",58.80633114,-111.2885229,508.7915535,2,"191.087",960.352417,2018-08-17 14:50:04
"104","RC12",58.79908084,-111.297328,498.5248695,2,"170.997",1157.509277,2018-08-17 14:59:28
"105","RC12",58.79895304,-111.2975762,517.2694709,2,"163.278",1157.242554,2018-08-17 15:03:31
"106","RC14",58.79035636,-111.2872022,524.5411633,3,"98.494",869.4829712,2018-08-17 15:14:47
"107","RC14",58.79034459,-111.2873111,529.1961114,3,"101.527",819.0424194,2018-08-17 15:16:58
"108","RC15",58.78283858,-111.2708898,513.8357131,2,"121.099",899.8331299,2018-08-17 15:26:00
"109","RC15",58.78272289,-111.2706221,501.0268935,2,"126.338",894.5670166,2018-08-17 15:28:35
"110","RC16",58.78390552,-111.2659157,352.4090834,2,"148.762",666.1793823,2018-08-17 15:37:51
"111","RC16",58.78420652,-111.2658017,351.4323445,2,"135.788",680.0942993,2018-08-17 15:40:33
"112","RC17",58.79103794,-111.2718134,740.1050228,2,"138.332",1434.078125,2018-08-17 15:50:36
"113","RC17",58.79108483,-111.2716104,750.5212488,2,"142.192",1409.911133,2018-08-17 15:53:07
"114","RC18",58.8010714,-111.2808908,780.0581221,2,"175.666",1750.142578,2018-08-17 16:03:32
"115","RC18",58.80100808,-111.2807717,777.7876665,2,"168.831",1644.519287,2018-08-17 16:06:29
"118","RC20",58.80400302,-111.2817314,742.8051782,2,"132.441",1470.18103,2018-08-17 16:17:28
"119","RC20",58.8039753,-111.2816219,783.3228924,2,"134.738",1489.055786,2018-08-17 16:20:36
"120","RC21",58.8132512,-111.2771147,409.197396,2,"140.3",746.3311768,2018-08-19 09:28:10
"121","RC21",58.81322979,-111.2771756,431.5289481,2,"141.636",769.1398926,2018-08-19 09:30:50
"122","RC34",58.76427043,-111.2016142,864.649734,2,"275.682",1435.025269,2018-08-19 09:31:59
"123","RC34",58.76473359,-111.2018399,890.0147964,2.5,"286.86",1540.921875,2018-08-19 09:37:49
"124","RC22",58.80625747,-111.2631755,431.6779366,3,"144.731",784.1846313,2018-08-19 09:42:58
"125","RC22",58.80624637,-111.2633525,440.2954581,3,"139.19",777.586853,2018-08-19 09:46:39
"126","RC23",58.80121903,-111.2550742,412.4903667,2,"101.018",943.7557983,2018-08-19 09:55:13
"127","RC23",58.80108118,-111.2550092,391.6569742,2,"106.247",949.619751,2018-08-19 09:57:46
"128","RC35",58.7467806,-111.198554,891.1600091,3,"225.86",1540.739136,2018-08-19 09:58:19
"129","RC24",58.8009601,-111.2515415,38.147169,2.5,"62.252",111.8448486,2018-08-19 10:02:16
"130","RC35",58.74690349,-111.198548,842.3060183,2,"221.139",1515.153931,2018-08-19 10:02:24
"131","RC24",58.80095453,-111.2513693,35.06058889,2,"62.012",115.5689697,2018-08-19 10:04:02
"132","RC25",58.80001299,-111.2516655,390.9187554,2,"87.233",783.1345215,2018-08-19 10:07:36
"133","RC25",58.79987737,-111.2515977,389.3945089,3,"87.458",821.5577393,2018-08-19 10:09:42
"134","RC26",58.79791006,-111.2440608,406.3616608,3,"88.887",766.5773926,2018-08-19 10:14:49
"135","RC26",58.79794279,-111.2440175,394.2834814,2,"86.63",768.4788208,2018-08-19 10:16:52
"136","RC36",58.72903687,-111.1946684,871.1759408,2,"243.133",1379.682129,2018-08-19 10:18:39
"138","RC33",58.77745954,-111.2046153,871.2295013,2,"258.746",1395.926636,2018-08-19 10:21:08
"140","RC27",58.79719033,-111.2414057,40.51816305,2,"44.159",102.8887939,2018-08-19 10:22:47
"141","RC36",58.72953997,-111.1940921,857.5824447,3,"219.989",1357.400879,2018-08-19 10:24:04
"142","RC33",58.77769747,-111.2049895,883.3844266,2.5,"257.027",1402.35022,2018-08-19 10:26:42
"143","RC28",58.79430885,-111.2432227,428.6836984,3,"115.86",1053.21106,2018-08-19 10:27:11
"144","RC28",58.7943374,-111.2435335,429.5272356,2,"123.379",982.6972046,2018-08-19 10:29:26
"146","RC37",58.71959453,-111.2041892,836.8948456,3,"134.317",1493.30542,2018-08-19 10:35:58
"147","RC29",58.79043352,-111.243863,224.9563333,2,"57.073",423.8779297,2018-08-19 10:37:24
"149","RC30",58.79098968,-111.2376395,188.8918138,2.5,"63.372",378.6844788,2018-08-19 10:42:50
"150","RC30",58.79099794,-111.237598,185.8522546,2,"65.18",374.5386963,2018-08-19 10:44:48
"151","RC31",58.78710649,-111.2332074,458.2133389,2,"155.024",841.3799438,2018-08-19 10:50:12
"152","RC31",58.7869969,-111.2329274,468.405146,3,"152.167",833.4223633,2018-08-19 10:52:59
"153","RC32",58.7846361,-111.2229816,846.8599669,3,"287.466",1888.340332,2018-08-19 11:01:22
"155","RC32",58.7844737,-111.221489,879.8901261,3,"293.302",1860.051025,2018-08-19 11:12:44
"157","RC38",58.72955343,-111.2261046,418.0980404,3,"97.841",758.1468506,2018-08-19 13:24:29
"158","RC38",58.72947231,-111.226363,404.9475545,2.5,"98.143",747.7814941,2018-08-19 13:26:50
"159","RC43",58.78559113,-111.2640916,396.893767,2,"117.279",769.3533325,2018-08-19 13:36:43
"160","RC43",58.78555722,-111.2644215,373.6598962,2,"107.835",815.0060425,2018-08-19 13:39:23
"161","RC39",58.74643493,-111.2167454,418.8760691,3,"165.002",757.4614258,2018-08-19 13:40:11
"162","RC39",58.74619168,-111.2167332,406.9275082,2,"160.852",745.9846191,2018-08-19 13:43:41
"163","RC44",58.78349877,-111.236627,417.7472012,2,"123.599",778.744873,2018-08-19 13:51:57
"164","RC44",58.78342912,-111.2368493,417.5129027,2.5,"111.187",773.5842896,2018-08-19 13:54:45
"165","RC40",58.76499295,-111.2176456,407.8752313,3,"159.55",713.6110229,2018-08-19 13:58:20
"166","RC40",58.76519233,-111.2179573,409.8129534,2,"176.295",732.4111328,2018-08-19 14:01:34
"167","RC41",58.77121365,-111.2266183,413.5025432,2.5,"181.578",708.6962891,2018-08-19 14:11:04
"168","RC41",58.77117156,-111.226568,401.6784913,2.5,"180.334",707.9871826,2018-08-19 14:14:45
"170","RC42",58.77826017,-111.2560895,901.4187994,2.5,"222.878",1492.876465,2018-08-19 14:29:29
"172","RC42",58.77849282,-111.257005,896.2802977,2,"220.72",1478.610229,2018-08-19 14:36:28
"173","RC45",58.77079788,-111.2369041,469.272503,3,"188.624",780.4044189,2018-08-19 16:09:41
"174","RC49",58.70257904,-111.1965455,1682.578728,2.5,"282.825",2811.530273,2018-08-19 16:09:57
"177","RC46",58.76467667,-111.2299994,466.7833214,2.5,"199.084",783.5197144,2018-08-19 16:24:02
"178","RC46",58.76490681,-111.2302176,442.3937386,2,"208.948",768.0392456,2018-08-19 16:28:12
"179","RC47",58.74593097,-111.2388391,465.7351795,2.5,"233.794",914.1748657,2018-08-19 16:40:08
"180","RC47",58.7457154,-111.2388253,469.5231563,2,"235.204",925.8353882,2018-08-19 16:44:21
"182","RC48",58.72938592,-111.2394954,437.8908485,2.5,"164.86",879.1992798,2018-08-19 16:59:52
"183","MC_100",58.48015545,-111.4832366,106.3625868,2,"73.251",351.9277344,2018-08-21 11:17:11
"184","MC_100",58.4801771,-111.4832043,107.8596559,2,"73.697",336.4308777,2018-08-21 11:19:10
"185","EM_100",58.47807081,-111.4808596,159.4821442,2,"124.865",344.2258301,2018-08-21 11:27:33
"186","EM_100",58.47810108,-111.4807999,144.5292869,2,"119.579",343.511261,2018-08-21 11:30:30
"187","EM_100",58.47806556,-111.4808634,155.2092737,2,"126.481",343.0708923,2018-08-21 11:36:30
"188","EM_100",58.47822148,-111.4807325,154.1173375,2,"124.618",348.2678833,2018-08-21 11:39:22
"191","MC_101",58.54448977,-111.4941272,110.7550215,2,"67.047",204.9878387,2018-08-21 15:47:41
"192","MC_101",58.54440912,-111.4942554,104.3544868,2,"68.678",209.7483368,2018-08-21 15:49:56
"193","MC_102",58.59533019,-111.4673585,94.62975891,2,"65.049",236.3137054,2018-08-21 16:53:15
"194","MC_102",58.59527255,-111.4673498,105.8947677,2,"72.224",239.7378693,2018-08-21 16:55:13
"195","MC_103",58.58724299,-111.4748216,103.3273073,2,"45.562",224.7991333,2018-08-21 17:09:09
"196","MC_103",58.58725568,-111.4749345,109.0963784,2,"45.665",227.8438416,2018-08-21 17:10:47
"197","MC_104",58.57953999,-111.4911813,105.6623699,2,"70.808",238.4075928,2018-08-21 17:25:00
"198","MC_104",58.57958819,-111.4913477,105.9264405,2,"70.269",239.4430237,2018-08-21 17:27:01
"199","MC_105",58.56755124,-111.4993127,107.1846674,2,"56.576",243.2175751,2018-08-21 17:44:36
"200","MC_105",58.56761099,-111.4993758,103.7387257,2,"53.226",249.8579865,2018-08-21 17:46:13
"201","RC50",58.92603108,-111.1961981,1999.382564,3,"333.274",2639.358887,2018-08-23 11:03:37
"202","RC50",58.92673578,-111.1983991,1898.663243,3,"327.12",2654.895264,2018-08-23 11:09:47
"205","RC52",58.93596173,-111.2480987,1566.994521,2,"217.523",3127.499268,2018-08-23 11:48:22
"206","RC52",58.93587257,-111.2483872,1690.93755,2,"221.277",3181.769287,2018-08-23 11:52:43
"207","RC53",58.93247217,-111.2673674,1841.058791,3,"276.689",3138.344971,2018-08-23 12:06:44
"208","RC53",58.93262224,-111.2680349,1912.173564,3,"281.034",3237.956543,2018-08-23 12:11:40
"209","RC56",58.95439711,-111.2959851,1896.404386,3,"340.892",2742.2229,2018-08-23 12:17:53
"210","RC54",58.93869232,-111.2708695,1850.483136,2,"222.089",2805.111572,2018-08-23 12:23:10
"211","RC56",58.95441368,-111.295978,1887.937913,3,"243.007",2613.624023,2018-08-23 12:24:40
"212","RC54",58.93827281,-111.2710341,2150.637523,2,"276.455",3307.51001,2018-08-23 12:27:39
"213","RC55",58.94259419,-111.2773293,879.6099881,2.5,"121.895",1273.77002,2018-08-23 12:40:44
"214","RC55",58.94272188,-111.277181,925.8544267,3,"127.08",1328.546143,2018-08-23 12:43:37
"215","RC57",58.96604747,-111.3364925,1891.110592,3,"192.514",2662.185303,2018-08-23 12:44:01
"217","RC57",58.96637327,-111.33762,1871.532547,3,"202.807",2326.297852,2018-08-23 12:49:33
"218","RC56",58.94709205,-111.2761799,980.1197879,3,"161.896",1516.682495,2018-08-23 12:57:46
"220","RC56",58.94714308,-111.2763157,976.7162021,2,"160.486",1514.6604,2018-08-23 13:01:59
"221","RC56",58.95423413,-111.2958006,1897.485586,2,"237.213",2602.088623,2018-08-23 13:14:02
"222","RC56",58.9543008,-111.2959286,1942.507921,2,"345.357",2706.126465,2018-08-23 13:20:04
"224","RC28",58.98085251,-111.3499041,1824.148419,2,"185.092",2558.6604,2018-08-23 14:22:52
"225","RC28",58.98112022,-111.3499608,2004.418677,2,"189.316",2577.538574,2018-08-23 14:27:00
"226","RC59",58.98133011,-111.3502616,1871.161867,2,"181.771",2600.54248,2018-08-23 14:35:56
"227","RC59",58.98150385,-111.3501316,2028.228667,3,"189.015",2662.144043,2018-08-23 14:39:37
"228","CP23",58.91338106,-111.4272434,99.29266307,2,"89.46",211.3493195,2018-08-23 16:09:59
"229","CP23",58.9134292,-111.4271439,99.30246322,2,"91.573",212.6852722,2018-08-23 16:12:17
"232","CP24",58.91933619,-111.4367976,113.590869,3,"86.521",213.2235107,2018-08-23 16:20:53
"233","CP24",58.91942828,-111.436904,114.1295879,3,"88.339",213.052887,2018-08-23 16:22:56
"234","CP25",58.92223858,-111.4456088,109.9655675,3,"100.26",181.1508331,2018-08-23 16:28:41
"235","CP25",58.92225205,-111.4458602,113.6659841,2,"96.915",192.8456116,2018-08-23 16:30:44
"236","CP26",58.92560771,-111.4521535,119.7408586,2,"90.208",199.6481628,2018-08-23 16:36:23
"237","CP33",58.9325414,-111.546909,79.03832905,3,"41.5",126.3073502,2018-08-23 16:38:33
"239","CP26",58.92579126,-111.4525336,112.9433125,3,"86.084",225.9656982,2018-08-23 16:39:18
"240","CP33",58.93258908,-111.5468839,79.16717338,2,"38.794",122.7412415,2018-08-23 16:40:07
"241","CP26",58.92583299,-111.4526363,118.4533224,3,"85.139",229.7570801,2018-08-23 16:41:28
"242","CP26",58.92582253,-111.4527307,115.7551566,3,"83.092",222.176712,2018-08-23 16:43:33
"243","CP34",58.93125278,-111.5460988,18.81366513,2,"38.482",78.20327759,2018-08-23 16:43:37
"244","CP34",58.93127052,-111.5461488,19.96933633,2,"42.805",81.61765289,2018-08-23 16:44:57
"245","CP27",58.93183659,-111.4640704,99.42447837,2,"59.934",301.0968628,2018-08-23 16:50:58
"246","CP27",58.93187286,-111.464021,103.831919,2,"60.396",299.6728516,2018-08-23 16:53:02
"248","CP28",58.93446539,-111.490536,98.70903161,3,"66.376",196.4982605,2018-08-23 17:03:12
"249","CP28",58.93447955,-111.4904952,98.75962301,2,"67.191",197.4270935,2018-08-23 17:05:09
"251","CP29",58.9368154,-111.5046841,102.9697088,3,"61.077",224.0603027,2018-08-23 17:15:53
"252","CP30",58.93278284,-111.5190098,95.80586734,2,"54.559",163.4168396,2018-08-23 17:23:21
"253","CP30",58.9328138,-111.519097,98.51284572,2,"53.401",162.8284454,2018-08-23 17:25:21
"254","CP31",58.92449388,-111.5251512,99.18084957,2,"55.307",150.0553894,2018-08-23 17:33:00
"255","CP31",58.9245467,-111.5252423,96.21267093,2,"52.063",152.8162384,2018-08-23 17:34:54
"256","CP32",58.93232388,-111.5423155,121.2554494,3,"54.095",163.5063934,2018-08-23 17:44:02
"260","",58.65050783,-111.3197466,139.9428028,3,"68.733",289.7515259,2018-08-03 18:25:49
"261","",58.65046727,-111.319726,168.2162874,2,"68.259",278.6001587,2018-08-03 18:27:49
"262","",58.65051184,-111.3196779,147.5111303,2,"67.003",274.4382935,2018-08-03 18:30:15
"263","",58.65049503,-111.319649,164.5737299,3,"69.408",292.0033875,2018-08-03 18:33:12
"265","",58.64705419,-111.3206202,122.2056627,3,"81.108",230.511322,2018-08-03 18:55:07
"266","",58.64695398,-111.3207556,96.03528035,2,"79.649",223.6075745,2018-08-03 18:58:48
"267","",58.64701878,-111.3207809,113.4443062,3,"83.057",230.9975739,2018-08-03 19:01:32
"270","",58.65036943,-111.3123308,265.1509817,2,"122.825",535.289917,2018-08-03 19:19:35
"273","mamawi creek cutoff",58.48200348,-111.4873401,167.3409284,3,"64.819",269.0907593,2018-08-05 12:58:14
"274","mamawi creek cutoff",58.48195916,-111.4874819,160.9588219,3,"64.453",262.7462158,2018-08-05 13:00:17
"275","mamawi creek cutoff",58.4819622,-111.4874234,164.7070749,3,"65.003",260.9414673,2018-08-05 13:01:57
"276","mamawi creek cutoff",58.48188046,-111.4874651,158.9097581,3,"64.201",260.3561096,2018-08-05 13:04:31
"277","mamawi creek cutoff",58.48193686,-111.4874332,164.3587346,3,"65.473",264.7098999,2018-08-05 13:07:13
"278","mamawi creek cutoff",58.48187956,-111.4874402,157.81298,3,"64.977",265.9650879,2018-08-05 13:09:49
"279","mamawi creek cutoff",58.48279947,-111.4887507,160.1380351,3,"73.236",263.5176697,2018-08-05 13:15:09
"280","mamawi creek cutoff",58.48280173,-111.4886152,158.3715029,3,"71.786",262.0366211,2018-08-05 13:17:43
"281","mamawi creek cutoff",58.48276663,-111.4886759,164.291057,3,"72.543",266.7053833,2018-08-05 13:20:31
"283","back from base station 3",58.48308131,-111.4970993,151.3519153,2,"64.798",352.1951294,2018-08-05 13:50:31
"284","back from base station 3",58.48315811,-111.4970939,154.6237646,2,"64.826",355.0657349,2018-08-05 13:52:52
"285","qf_1",58.69511197,-111.3886928,360.2628327,2,"106.437",560.5096436,2018-08-08 14:00:31
"286","qf_1",58.69512566,-111.3889508,325.4984445,2,"106.641",560.093811,2018-08-08 14:03:25
"290","qf_1",58.69024436,-111.3874775,361.2482677,3,"87.512",608.4472656,2018-08-08 14:13:26
"291","qf_1",58.69032219,-111.3872439,350.3518535,2,"87.046",575.9957886,2018-08-08 14:15:58
"293","qf_1",58.68656008,-111.3823924,346.836088,3,"105.724",573.9468994,2018-08-08 14:22:47
"294","qf_1",58.68661064,-111.3821863,365.0592382,3,"104.719",623.595459,2018-08-08 14:25:43
"296","qf_1",58.68083543,-111.3788872,351.9359206,2,"86.694",620.8039551,2018-08-08 14:35:17
"297","qf_1",58.68093092,-111.3786622,344.4322716,2,"85.812",620.8817749,2018-08-08 14:37:32
"299","qf_5",58.68275441,-111.3671868,352.1320149,3,"106.397",581.4789429,2018-08-08 14:46:17
"300","qf_5",58.6828425,-111.3670535,346.2213912,3,"105.21",539.4817505,2018-08-08 14:49:05
"301","qf_6",58.67773995,-111.3621139,326.719242,2,"117.38",573.3035889,2018-08-08 14:56:44
"302","qf_6",58.67780642,-111.3619573,343.1132583,3,"114.542",566.3823242,2018-08-08 14:59:58
"303","qf_7",58.66898411,-111.3646902,328.7424076,3,"92.564",589.3446045,2018-08-08 15:10:17
"304","qf_7",58.66883386,-111.3642593,360.0857017,3,"89.583",580.5911865,2018-08-08 15:12:57
"305","qf_8",58.66557559,-111.3558225,339.7425147,3,"101.05",577.9417114,2018-08-08 15:20:35
"306","qf_8",58.66565134,-111.3557144,337.5803796,3,"100.96",543.2738647,2018-08-08 15:24:47
"307","qf_9",58.6672337,-111.3413322,370.0217368,3,"119.727",563.4679565,2018-08-08 15:33:59
"308","qf_9",58.66731716,-111.3413966,345.9189557,3,"119.604",565.55896,2018-08-08 15:37:01
"309","qf_10",58.66678924,-111.3291748,357.855729,3,"120.652",561.4881592,2018-08-08 15:48:58
"310","qf_10",58.66688192,-111.3291228,314.1495943,3,"120.316",555.7419434,2018-08-08 15:51:59
"311","qf_10",58.66681187,-111.3291681,358.3885552,3,"120.973",553.9655151,2018-08-08 15:55:26
"312","qf_10",58.66687726,-111.3291282,319.0730921,3,"119.945",554.928833,2018-08-08 15:58:34
"313","qf_10",58.66681359,-111.3291465,375.4843584,3,"117.24",560.2297363,2018-08-08 16:11:50
"315","QF_10",58.6668317,-111.3292044,373.8820513,3,"115.407",555.7269287,2018-08-08 16:27:47
"317","QF_11",58.6641143,-111.3131257,383.7316105,3,"123.119",558.3477783,2018-08-08 16:41:11
"318","QF_11",58.66415844,-111.313078,353.6154483,3,"121.992",565.2440186,2018-08-08 16:45:09
"322","EM_1",58.6827847081347,-111.052966683244,194.8359857,3,"146.26",459.3522949,2018-08-09 10:06:33
"330","EM_3",58.6767786991722,-111.046922032722,184.5807744,2,"97.448",402.7015686,2018-08-09 10:33:19
"331","EM_3",58.6767786991722,-111.046922032722,191.030217,2,"110.334",399.8412781,2018-08-09 10:36:06
"332","EM_5",58.6690211069116,-111.040808449653,200.3908517,2,"117.553",453.923584,2018-08-09 10:43:37
"333","EM_5",58.6690211069116,-111.040808449653,190.4954332,2,"118.658",453.6611328,2018-08-09 10:46:22
"335","EM_6",58.6630572441379,-111.042059833577,217.9297522,3,"119.711",466.4721069,2018-08-09 10:54:32
"336","EM_6",58.6630572441379,-111.042059833577,211.884653,3,"129.921",491.7255249,2018-08-09 10:56:54
"337","EM_7",58.6592306428228,-111.043985633346,218.3196658,3,"97.066",469.0818787,2018-08-09 11:03:22
"338","EM_7",58.6592306428228,-111.043985633346,208.6278428,3,"103.826",470.6718445,2018-08-09 11:05:20
"339","EM_8",58.6541369560102,-111.047873937298,214.8709463,3,"120.326",454.2614441,2018-08-09 11:12:50
"340","EM_8",58.6541369560102,-111.047873937298,203.4367757,3,"120.385",449.0608826,2018-08-09 11:15:17
"341","EM_9",58.6479503397326,-111.043988674754,216.9048508,2,"93.316",438.1087952,2018-08-09 11:22:04
"342","EM_9",58.6479503397326,-111.043988674754,205.1534359,2,"86.607",430.5233765,2018-08-09 11:24:25
"343","EM_10",58.6431729506533,-111.04225988271,213.1968751,2,"84.202",444.0276489,2018-08-09 11:30:26
"344","EM_10",58.6431729506533,-111.04225988271,205.9927818,2,"86.661",437.4344177,2018-08-09 11:32:24
"346","EM_11",58.6376397017842,-111.044802515524,215.2499355,2,"114.077",445.5654602,2018-08-09 11:43:13
"347","EM_11",58.6376397017842,-111.044802515524,214.8668468,3,"122.876",460.5536499,2018-08-09 11:46:11
"348","EM_12",58.6342277483716,-111.042180184796,216.0898405,2,"94.69",442.5539246,2018-08-09 12:36:28
"349","EM_12",58.6342277483716,-111.042180184796,204.201719,2,"95.217",442.8554993,2018-08-09 12:38:30
"350","EM_12",58.6342277483716,-111.042180184796,211.654754,3,"92.959",441.8025208,2018-08-09 12:40:47
"352","EM_12",58.6342277483716,-111.042180184796,209.0335231,2,"90.476",418.7147217,2018-08-09 12:49:06
"353","EM_12",58.6342277483716,-111.042180184796,209.8070629,2,"94.523",427.3315735,2018-08-09 12:51:10
"354","EM_14",58.6254182069938,-111.039070130562,216.3406451,3,"92.712",432.5267334,2018-08-09 12:57:26
"355","EM_14",58.6254182069938,-111.039070130562,234.4069142,3,"94.899",445.5244446,2018-08-09 12:59:52
"356","EM_15",58.6205125884992,-111.044883895432,203.3914573,2,"103.655",436.9232788,2018-08-09 13:06:44
"358","EM_15",58.6205125884992,-111.044883895432,206.1655154,2,"104.472",441.8615723,2018-08-09 13:12:06
"359","EM_15",58.6205125884992,-111.044883895432,209.7811661,3,"102.678",447.3255615,2018-08-09 13:14:36
"360","EM_15",58.6205125884992,-111.044883895432,196.8225463,3,"101.203",424.5606995,2018-08-09 13:18:13
"361","EM_16",58.616764899404,-111.051644524695,224.3789206,2,"97.433",435.5189209,2018-08-09 13:26:56
"362","EM_16",58.616764899404,-111.051644524695,221.9234408,3,"103.321",425.0181274,2018-08-09 13:28:56
"363","EM_17",58.6121814855151,-111.05866050258,204.5531045,2,"92.721",428.0528564,2018-08-09 13:35:41
"364","EM_17",58.6121814855151,-111.05866050258,218.085011,3,"95.252",425.5432434,2018-08-09 13:38:01
"366","EM_18",58.6122496050207,-111.06633744769,217.2660442,2,"93.009",436.387207,2018-08-09 13:48:09
"367","EM_19",58.6109008188509,-111.084407455952,193.7627547,3,"92.867",426.3435974,2018-08-09 14:01:25
"368","EM_19",58.6109008188509,-111.084407455952,226.307089,2,"96.021",432.7374268,2018-08-09 14:04:03
"369","EM_19",58.6109008188509,-111.084407455952,196.9892327,3,"97.832",429.1828308,2018-08-09 14:07:37
"372","EM_19",58.6109008188509,-111.084407455952,219.6570124,3,"99.087",440.9508362,2018-08-09 14:12:44
"374","EM_20",58.6091666729053,-111.098154958251,217.7673031,2,"104.379",428.0935364,2018-08-09 14:20:34
"376","EM_20",58.6091666729053,-111.098154958251,225.7720646,3,"104.386",419.4959106,2018-08-09 14:23:30
"377","FL_1",58.5670535401457,-111.085814696424,116.6649554,2,"49.908",218.5990143,2018-08-09 14:28:48
"378","FL_1",58.5670535401457,-111.085814696424,114.1525818,2,"49.089",205.0127106,2018-08-09 14:30:40
"379","EM_21",58.6048364312225,-111.099846514793,228.9386832,2,"100.329",426.8425598,2018-08-09 14:31:05
"380","FL_1",58.5670535401457,-111.085814696424,134.9785063,2,"49.374",212.5556793,2018-08-09 14:32:48
"381","EM_21",58.6048364312225,-111.099846514793,228.7745464,3,"101.068",424.3444824,2018-08-09 14:33:27
"382","FL_1",58.5670535401457,-111.085814696424,118.2269499,2,"50.158",210.3351288,2018-08-09 14:34:47
"385","EM_23",58.5909108020744,-111.094233344846,246.7719131,2,"104.866",429.5157471,2018-08-09 14:51:01
"389","EM_25",58.5833576529229,-111.094144249309,246.1083757,2,"110.937",413.5845642,2018-08-09 15:11:20
"390","EM_25",58.5833576529229,-111.094144249309,229.9107861,3,"116.334",410.6898193,2018-08-09 15:13:51
"391","EM_26",58.5783027074776,-111.092084358184,255.5881978,3,"93.225",394.4910889,2018-08-09 15:20:54
"399","FL_5",58.5658457817168,-111.062003791925,150.397218,3,"87.49",263.0082397,2018-08-09 17:25:41
"401","FL_6",58.5613797322706,-111.066722508681,154.3434888,2,"121.607",258.7657471,2018-08-09 17:37:27
"402","FL_6",58.5613797322706,-111.066722508681,175.4965018,2,"122.189",262.8796082,2018-08-09 17:39:48
"404","FL_7",58.5557842203352,-111.067072754693,151.288,2,"111.807",267.878,2018-08-09 17:50:15
"406","FL_8",58.5498401902637,-111.063985817025,165.9460166,3,"82.844",243.6392517,2018-08-10 09:25:38
"407","FL_8",58.5498401902637,-111.063985817025,160.9125422,2,"80.561",294.1957703,2018-08-10 09:27:51
"408","FL_8",58.5498401902637,-111.063985817025,167.3907722,2,"79.092",255.3417511,2018-08-10 09:30:42
"409","FL_9",58.545341894748,-111.061263208861,166.5964132,2,"108.305",254.0414581,2018-08-10 09:40:44
"410","FL_9",58.545341894748,-111.061263208861,162.6714483,2,"108.217",252.3274078,2018-08-10 09:43:58
"411","FL_10",58.5408519340009,-111.059812456263,165.4510411,2,"96.917",254.1430206,2018-08-10 09:50:41
"412","FL_10",58.5408519340009,-111.059812456263,157.5601044,3,"94.136",244.2150421,2018-08-10 09:54:07
"413","FL_11",58.5367028813191,-111.059152718487,166.1639913,3,"97.994",253.7424316,2018-08-10 10:01:45
"414","FL_11",58.5367028813191,-111.059152718487,160.7278891,2,"100.274",254.2441864,2018-08-10 10:04:34
"415","FL_12",58.531457407172,-111.060002537516,156.4432982,2,"61.093",259.757843,2018-08-10 10:12:46
"416","FL_12",58.531457407172,-111.060002537516,167.1010157,3,"61.049",256.7393494,2018-08-10 10:14:40
"418","FL_13",58.526821902009,-111.062415698742,118.1936677,3,"63.833",179.4916077,2018-08-10 10:24:17
"419","FL_13",58.526821902009,-111.062415698742,121.3556976,2,"63.984",178.5087433,2018-08-10 10:26:03
"420","FL_14",58.528835595902,-111.058418259737,42.74886998,3,"40.556",93.26312256,2018-08-10 11:00:50
"421","FL_14",58.528835595902,-111.058418259737,33.74807442,2,"38.726",90.90100098,2018-08-10 11:02:35
"422","FL_14",58.528835595902,-111.058418259737,43.04128584,3,"40.219",89.3972168,2018-08-10 11:04:29
"423","FL_14",58.528835595902,-111.058418259737,37.56953276,2,"40.481",93.94087219,2018-08-10 11:06:13
"424","FL_15",58.5246676064243,-111.059853586129,38.69082386,3,"43.603",72.85926819,2018-08-10 11:16:09
"425","FL_15",58.5246676064243,-111.059853586129,41.9834121,3,"43.879",72.33969879,2018-08-10 11:18:06
"427","FL_16",58.5205962638713,-111.065597838133,155.6837733,2,"109.452",268.5229187,2018-08-10 11:28:43
"428","FL_16",58.5205962638713,-111.065597838133,169.9230577,2,"108.065",269.4144897,2018-08-10 11:31:26
"429","FL_16",58.5205962638713,-111.065597838133,157.542073,2,"108.563",262.9811401,2018-08-10 11:35:22
"430","FL_16",58.5205962638713,-111.065597838133,169.3179045,2,"108.688",258.3179932,2018-08-10 11:38:19
"432","FL_17",58.5166243894685,-111.069641549858,156.0600263,2,"74.716",244.6122437,2018-08-10 11:47:44
"433","FL_17",58.5166243894685,-111.069641549858,168.0491917,2,"74.913",250.427063,2018-08-10 11:50:01
"434","FL_18",58.5135543007972,-111.066769033544,147.9139854,2.5,"77.225",255.6416626,2018-08-10 11:56:06
"435","FL_18",58.5135543007972,-111.066769033544,150.0046837,2.5,"76.482",247.0064392,2018-08-10 11:58:32
"436","FL_19",58.5102694537024,-111.062146035986,166.2411243,2,"75.864",266.9662781,2018-08-10 12:06:08
"437","FL_19",58.5102694537024,-111.062146035986,152.6410704,2,"75.258",262.2787781,2018-08-10 12:08:33
"439","FL_20",58.5064700757393,-111.062705628711,168.2395398,2,"82.2",263.4213562,2018-08-10 12:18:07
"440","FL_20",58.5064700757393,-111.062705628711,144.7763746,2,"82.311",264.7030029,2018-08-10 12:21:52
"441","FL_20",58.5064700757393,-111.062705628711,164.9759415,2,"81.793",261.7407837,2018-08-10 12:24:47
"442","FL_21",58.5050205730074,-111.069515609583,149.5178301,2.5,"86.633",248.5871887,2018-08-10 12:32:55
"444","FL_22",58.5033551772384,-111.076290242488,147.304205,2,"66.686",252.5117493,2018-08-10 12:44:10
"445","FL_22",58.5033551772384,-111.076290242488,150.5714217,2.5,"66.165",244.7703552,2018-08-10 12:46:16
"446","FL_23",58.4964663879231,-111.076446862704,169.0059968,2,"110.784",261.9275208,2018-08-10 12:55:41
"447","FL_23",58.4964663879231,-111.076446862704,156.9791639,2,"101.702",252.208374,2018-08-10 12:59:12
"448","FL_24",58.492564350431,-111.067809902621,170.1982768,2,"77.987",236.0473175,2018-08-10 13:08:41
"449","FL_24",58.492564350431,-111.067809902621,153.4461342,2,"77.956",232.0745392,2018-08-10 13:11:04
"450","FL_25",58.4885420371184,-111.065229340143,157.6418599,2,"82.819",249.1847229,2018-08-10 13:17:46
"451","FL_25",58.4885420371184,-111.065229340143,151.7500938,2,"79.879",236.0678864,2018-08-10 13:20:18
"452","FL_26",58.4839704022746,-111.065460965542,150.6906974,2,"76.629",244.8443451,2018-08-10 13:27:38
"453","FL_26",58.4839704022746,-111.065460965542,153.0840418,2,"78.094",243.9687958,2018-08-10 13:29:50
"454","FL_27",58.4761710562611,-111.072013401819,153.830039,2,"104.123",252.3284302,2018-08-10 13:40:20
"456","FL_28",58.4718844015731,-111.076393490508,153.4454303,2,"84.772",246.3158417,2018-08-10 13:51:40
"457","FL_28",58.4718844015731,-111.076393490508,153.5159835,2.5,"83.455",246.1244202,2018-08-10 13:54:20
"458","FL_29",58.4670511033851,-111.078559991806,150.1319398,2.5,"88.089",233.9211426,2018-08-10 14:01:06
"459","FL_29",58.4670511033851,-111.078559991806,151.8612255,2,"88.037",235.1077423,2018-08-10 14:03:43
"460","FL_30",58.4614492486695,-111.074297055302,153.1806027,2,"135.817",228.2796021,2018-08-10 14:15:15
"461","FL_30",58.4614492486695,-111.074297055302,164.6244567,2,"135.041",253.5986176,2018-08-10 14:18:37
"462","FL_31",58.4588498256654,-111.064728780864,151.3636348,2,"67.887",230.4975281,2018-08-10 14:27:12
"463","FL_31",58.4588498256654,-111.064728780864,152.9447747,2,"67.514",235.2768555,2018-08-10 14:29:40
"464","FL_32",58.455619218149,-111.059136494272,153.2819664,2.5,"65.247",278.5924072,2018-08-10 14:37:09
"465","FL_32",58.455619218149,-111.059136494272,146.6911372,2,"64.444",267.9259338,2018-08-10 14:38:55
"467","ATH_1",58.45348596133,-111.068505765913,986.4620572,2,"254.952",1421.49353,2018-08-10 14:53:11
"468","ATH_1",58.45348596133,-111.068505765913,962.8470282,2,"254.804",1441.658081,2018-08-10 14:58:32
"470","ATH_2",58.4524391592831,-111.102824148394,972.260946,2,"266.245",1393.311646,2018-08-10 15:28:19
"471","ATH_2",58.4524391592831,-111.102824148394,976.7424077,2,"271.369",1417.739258,2018-08-10 15:35:27
"472","ATH_3",58.4490834014004,-111.128993403038,960.6468918,2,"181.583",1798.219971,2018-08-10 15:55:23
"475","ATH_4",58.4472503548087,-111.146495596966,971.1496685,3,"233.351",1251.498047,2018-08-10 16:30:03
"477","ATH_4",58.4472503548087,-111.146495596966,984.8301663,2,"224.709",1258.608765,2018-08-10 16:45:56
"479","ATH_4",58.4472503548087,-111.146495596966,986.770252,2,"229.572",1274.141724,2018-08-10 17:01:25
"480","ATH_5",58.4461975911592,-111.176556995385,986.4396063,2,"209.067",1334.208618,2018-08-10 17:20:19
"481","ATH_5",58.4461975911592,-111.176556995385,912.8453127,2,"211.406",1336.265015,2018-08-10 17:24:35
"487","EM_28",58.56919262,-111.090072,108.4101062,3,"66.332",309.0759277,2018-08-11 09:38:04
"488","EM_28",58.5691473,-111.0898912,107.9264966,2,"64.912",302.0752563,2018-08-11 09:39:39
"490","FL_33",58.57019384,-111.0557702,42.72617581,3,"49.675",73.9890976,2018-08-11 09:55:02
"491","FL_33",58.57023924,-111.0559349,34.07507986,3,"49.572",73.05619812,2018-08-11 09:56:48
"492","FL_33",58.57019502,-111.0557701,36.76934658,2,"49.905",74.40574646,2018-08-11 09:58:59
"493","FL_33",58.57023624,-111.0559049,33.75429449,2,"50.203",75.06916809,2018-08-11 10:00:55
"495","FL_34",58.52496904,-111.0627674,121.7214377,3,"85.577",191.53125,2018-08-11 10:25:44
"496","FL_34",58.52488369,-111.0627763,119.5446344,3,"91.639",178.9935608,2018-08-11 10:28:28
"498","ATH_6",58.45231616,-111.0563506,806.3995598,2,"199.39",1181.206299,2018-08-11 11:09:41
"499","ATH_6",58.45200575,-111.0560603,741.4587478,2,"204.544",1159.744873,2018-08-11 11:15:32
"500","ATH_7",58.45309623,-111.135948,1015.160209,2,"166.194",1351.454346,2018-08-11 11:50:56
"501","ATH_7",58.45313899,-111.1359333,1015.067708,2,"165.589",1401.463257,2018-08-11 11:54:51
"502","ATH_8",58.45024348,-111.1896327,911.0016362,2,"139.439",1194.746704,2018-08-11 12:26:04
"503","ATH_8",58.45019742,-111.1895288,980.4269218,2,"139.596",1183.109009,2018-08-11 12:30:01
"504","ATH_8",58.45023873,-111.1896588,983.6847387,2,"141.172",1257.126953,2018-08-11 12:34:01
"505","ATH_9",58.44579383,-111.2005119,1038.805974,3,"147.669",1236.129028,2018-08-11 13:02:09
"507","ATH_9",58.4459041,-111.2004093,930.8794648,2,"139.438",1209.932861,2018-08-11 13:10:07
"508","ATH_9",58.44597096,-111.2006138,917.4417567,2,"156.3",1210.427246,2018-08-11 13:14:00
"509","ATH_9",58.44584444,-111.2004448,935.221728,2,"147.16",1202.605225,2018-08-11 13:19:21
"510","ATH_9",58.44593239,-111.2005363,895.340836,2,"157.071",1213.821167,2018-08-11 13:23:45
"511","ATH_10",58.43494445,-111.2085093,961.6180163,3,"223.426",1239.752075,2018-08-11 13:36:42
"512","ATH_10",58.43539523,-111.2081554,968.2126724,3,"235.767",1243.874634,2018-08-11 13:41:09
"513","ATH_11",58.42682118,-111.2327304,910.81574,3,"209.789",1159.978516,2018-08-11 13:57:28
"514","ATH_11",58.42693947,-111.2321847,922.6926953,3,"209.681",1151.429688,2018-08-11 14:02:02
"515","ATH_12",58.42456594,-111.2503244,747.6986054,2,"152.822",968.2229004,2018-08-11 14:28:02
"516","ATH_12",58.42459836,-111.2498771,724.7351393,2,"145.709",1000.237183,2018-08-11 14:32:23
"518","ATH_13",58.42568278,-111.2626139,772.0801753,2,"205.35",969.7526855,2018-08-11 14:45:28
"519","ATH_13",58.42557832,-111.2621123,779.6189803,3,"193.113",1003.159607,2018-08-11 14:49:15
"520","ATH_14",58.42637567,-111.25104,139.8708125,3,"192.779",283.1989746,2018-08-11 14:58:19
"521","ATH_14",58.42633835,-111.2509647,133.5247685,3,"193.084",280.3066101,2018-08-11 15:02:48
"522","ATH_15",58.42823579,-111.2624229,133.6923767,2.5,"130.721",288.8566284,2018-08-11 15:14:49
"523","ATH_15",58.4282852,-111.2626442,134.4912051,3,"134.569",282.4677429,2018-08-11 15:17:26
"524","ATH_16",58.43060569,-111.27492,905.63278,2,"353.394",1231.910645,2018-08-11 15:30:25
"525","ATH_16",58.43016012,-111.2740721,900.6551784,2,"343.629",1209.883057,2018-08-11 15:37:34
"527","RIC_1",58.42364352,-111.243597,26.94970195,2.5,"81.464",212.5458527,2018-08-11 16:04:22
"528","RIC_1",58.42359618,-111.2434894,27.78801007,2.5,"79.713",212.6070709,2018-08-11 16:06:58
"529","ATH_17",58.43988583,-111.2984829,923.7619009,3,"214.282",1223.959595,2018-08-11 17:35:18
"530","ATH_17",58.43962497,-111.2977984,935.3289539,2,"217.278",1207.770752,2018-08-11 17:42:00
"531","ATH18",58.4443019479472,-111.320513212595,888.4606271,3,"144.479",1064.759033,2018-08-12 10:33:37
"532","ATH18",58.4443019479472,-111.320513212595,831.4998218,2.5,"142.499",1059.907715,2018-08-12 10:36:34
"533","ATH19",58.4453910731337,-111.337106116558,855.465083,2.5,"226.078",1203.000977,2018-08-12 10:50:18
"534","ATH19",58.4453910731337,-111.337106116558,844.3948897,2.5,"226.79",1208.73938,2018-08-12 10:55:45
"535","ATH20",58.4415767264192,-111.359235038067,880.0975199,3,"309.473",1133.419434,2018-08-12 11:11:55
"536","ATH20",58.4415767264192,-111.359235038067,874.671081,2.5,"290.146",1115.300659,2018-08-12 11:16:39
"537","ATH21",58.4440156481791,-111.391311187455,849.8574771,2.5,"313.156",1071.906738,2018-08-12 11:31:44
"538","ATH21",58.4440156481791,-111.391311187455,848.404435,2.5,"317.8",1083.668213,2018-08-12 11:38:40
"539","ATH22",58.445572980946,-111.418635853444,23.69296258,2.5,"41.452",67.78942108,2018-08-12 12:05:41
"540","ATH22",58.4462673121983,-111.42326966049,24.72619457,2,"41.369",68.71343231,2018-08-12 12:07:20
"541","ATH23",58.4462673121983,-111.42326966049,23.30855005,2,"31.261",69.35552216,2018-08-12 12:11:26
"542","ATH23",58.4462673121983,-111.42326966049,24.43761618,2,"30.68",69.06859589,2018-08-12 12:12:35
"543","ATH24",58.4467404280578,-111.424149070648,831.6086943,2.5,"241.987",974.7068481,2018-08-12 12:16:48
"544","ATH24",58.4467404280578,-111.424149070648,800.8156409,2,"208.982",953.3690796,2018-08-12 12:21:25
"545","ATH25",58.4443825566271,-111.444112348921,796.2427003,2,"137.929",1187.692871,2018-08-12 12:38:06
"546","ATH25",58.4443825566271,-111.444112348921,786.9916476,2,"135.407",1237.575195,2018-08-12 12:41:18
"547","ATH26",58.4451876370971,-111.465296676166,847.4714452,2.5,"328.358",1047.302979,2018-08-12 12:59:16
"548","ATH26",58.4451876370971,-111.465296676166,851.2845071,2.5,"327.342",1055.260986,2018-08-12 13:07:43
"549","ATH27",58.4410796958333,-111.492649256228,837.9171785,2.5,"219.784",1054.522339,2018-08-12 13:24:25
"550","ATH27",58.4410796958333,-111.492649256228,848.2813934,2,"227.162",1064.036255,2018-08-12 13:30:15
"552","ATH28",58.4302917327852,-111.488234684876,847.8796883,2,"287.105",1168.030029,2018-08-12 13:52:56
"556","ATH30",58.4237290087394,-111.506035142694,848.1785671,2.5,"252.888",1071.159424,2018-08-12 15:17:20
"557","ATH30",58.4237290087394,-111.506035142694,851.352786,2.5,"255.504",1082.638306,2018-08-12 15:23:50
"558","ATH30",58.4237290087394,-111.506035142694,836.8933863,2,"258.428",1211.618286,2018-08-12 15:30:35
"559","ATH_31",58.4110274006305,-111.51767929418,845.2986317,2.5,"268.667",1090.635498,2018-08-12 15:43:52
"560","ATH_31",58.4110274006305,-111.51767929418,841.8440184,2.5,"289.289",1083.970337,2018-08-12 15:50:06
"561","ATH_32",58.3964916483099,-111.52514755768,846.2666698,2.5,"328.538",1022.605408,2018-08-12 16:03:01
"562","ATH_32",58.3964916483099,-111.52514755768,828.8921058,2,"321.715",982.3937378,2018-08-12 16:09:21
"563","ATH_33",58.3897102649773,-111.531734563535,415.3032159,2,"150.345",478.1135254,2018-08-12 16:24:46
"565","ATH_34",58.3893270956448,-111.524459509091,418.3738667,2,"186.654",555.6147461,2018-08-12 16:38:31
"566","ATH_34",58.3893270956448,-111.524459509091,422.672389,2.5,"185.877",548.8126221,2018-08-12 16:43:32
"567","ATH_35",58.3820970064145,-111.526609492973,362.2753752,2,"184.044",476.0465393,2018-08-12 16:56:09
"568","ATH_35",58.3820970064145,-111.526609492973,376.651076,2,"189.053",478.6231995,2018-08-12 17:00:05
"570","ATH_36",58.3853400517762,-111.519851123845,55.63544205,2,"98.764",107.6248932,2018-08-12 17:16:45
"571","ATH_37",58.3714229123978,-111.536194943431,358.8961382,2.5,"183.708",438.2630615,2018-08-12 17:29:12
"572","ATH_37",58.3714229123978,-111.536194943431,368.0381378,2,"179.098",473.1446838,2018-08-12 17:34:47
"577","ER_1",58.61713298,-111.6651003,144.5898395,2,"74.105",318.9251709,2018-08-14 09:49:29
"579","ER_1",58.61721043,-111.6651987,180.067,2,"71.637",313.957,2018-08-14 09:53:12
"580","ER_1",58.61724988,-111.6651782,146.7285869,3,"71.297",315.4557495,2018-08-14 09:55:24
"584","PR_2",58.616587,-111.6635869,53.799,2.5,"49.445",136.702,2018-08-14 10:05:32
"585","PR_2",58.61660394,-111.6636912,51.088,2,"46.074",136.535,2018-08-14 10:07:09
"586","PR_3",58.61656542,-111.6631141,45.707,2.5,"39.844",125.234,2018-08-14 10:11:09
"587","PR_3",58.61659362,-111.6633309,50.397,2.5,"43.605",132.417,2018-08-14 10:12:20
"589","MC_4",58.49426147,-111.5098939,125.3305556,2,"68.003",278.214386,2018-08-14 14:30:10
"591","MC_5",58.51058779,-111.5205759,109.1214607,2,"54.201",198.8303833,2018-08-14 14:46:55
"593","MC_5",58.51059039,-111.5205953,114.7375083,3,"53.569",200.9750977,2018-08-14 14:48:56
"594","MC_5",58.51059868,-111.5205091,109.9423898,2,"55.493",191.1848145,2018-08-14 14:50:32
"595","MC_5",58.51062701,-111.5205567,111.6685954,2,"55.265",194.4362335,2018-08-14 14:52:09
"596","MC_6",58.52463157,-111.5198009,95.53890961,2,"45.648",156.3527985,2018-08-14 15:09:40
"597","MC_6",58.5246462,-111.5197833,142.6910631,2,"44.328",247.874054,2018-08-14 15:11:09
"598","MC_7",58.54424061,-111.4939924,111.6547531,2,"67.02",204.885788,2018-08-14 16:28:09
"600","QF12",58.889842,-111.6034348,337.7789035,2,"134.288",562.6464233,2018-08-16 10:42:49
"601","QF12",58.88988207,-111.6033241,333.5735392,2.5,"137.51",524.9375,2018-08-16 10:46:13
"602","QF13",58.88619385,-111.6108399,331.7487318,2,"96.829",513.9203491,2018-08-16 10:54:02
"603","QF13",58.88613917,-111.610784,332.1296018,2.5,"96.732",513.0836792,2018-08-16 10:57:33
"604","QF14",58.87897189,-111.6038939,333.3582278,2.5,"114.595",519.6891479,2018-08-16 11:06:54
"605","QF14",58.8789412,-111.6038825,330.3829143,2,"114.45",523.3642578,2018-08-16 11:09:50
"606","QF15",58.87436167,-111.6006937,335.6956907,2,"123.792",532.2678833,2018-08-16 11:19:19
"608","QF15",58.87430457,-111.60031,332.0877925,2,"128.265",531.515625,2018-08-16 11:23:50
"609","QF16",58.87176923,-111.5995424,325.0308471,2,"110.42",490.6877441,2018-08-16 11:29:07
"610","QF16",58.87188227,-111.5995958,323.8304926,2,"114.343",519.3616333,2018-08-16 11:31:53
"611","QF17",58.86577111,-111.5976281,336.004905,2.5,"112.063",507.4259949,2018-08-16 11:38:29
"612","QF17",58.86572816,-111.5975339,335.3974408,2.5,"110.637",524.2434082,2018-08-16 11:41:39
"614","QF18",58.86054202,-111.5963638,317.6392028,2.5,"94.226",552.5913086,2018-08-16 12:16:09
"615","QF18",58.86048456,-111.5964786,331.9119684,2,"104.262",556.8386841,2018-08-16 12:18:31
"616","QF19",58.85853494,-111.5885263,330.2273701,2.5,"139.943",551.9946289,2018-08-16 12:26:21
"617","QF19",58.85840335,-111.5882943,327.337009,3,"143.159",555.2940674,2018-08-16 12:28:58
"618","QF20",58.8549441,-111.5793429,328.5816351,2,"112.578",508.1985474,2018-08-16 12:37:01
"619","QF20",58.85496289,-111.5794148,332.8491884,3,"105.454",524.760498,2018-08-16 12:39:24
"620","QF21",58.85081512,-111.5758742,321.7792739,2,"96.034",560.2696533,2018-08-16 12:45:34
"621","QF21",58.85079835,-111.5760626,329.7311949,2,"98.845",581.6572266,2018-08-16 12:48:21
"622","QF22",58.84703515,-111.575229,320.8479959,2,"115.66",574.9406738,2018-08-16 12:53:01
"623","QF22",58.84706537,-111.5750725,325.6963032,2,"111.116",550.4841919,2018-08-16 12:55:18
"624","QF23",58.84197999,-111.5759514,331.541988,2,"102.418",552.5020142,2018-08-16 13:00:44
"625","QF23",58.84198713,-111.5761135,318.1171628,3,"101.766",549.0164795,2018-08-16 13:02:56
"626","QF24",58.8370479,-111.5717098,337.5619535,2.5,"120.313",510.5049744,2018-08-16 13:09:06
"627","QF24",58.83699663,-111.5714882,321.5338073,2,"120.998",524.7662354,2018-08-16 13:11:57
"628","QF25",58.83194447,-111.5694238,328.2261495,2.5,"113.805",570.6105347,2018-08-16 13:17:50
"629","QF25",58.83186348,-111.5693658,324.4108161,2,"110.222",565.0432739,2018-08-16 13:20:22
"630","QF26",58.82886761,-111.5719234,333.7057462,2,"106.768",536.369812,2018-08-16 13:26:06
"631","QF26",58.82891973,-111.5719425,323.5107725,2.5,"110.445",534.2209473,2018-08-16 13:29:11
"632","QF27",58.82333944,-111.5683066,322.1250356,2,"114.212",584.9029541,2018-08-16 13:38:32
"633","QF27",58.82337828,-111.5679607,326.1078333,2,"122.312",585.3776855,2018-08-16 13:41:44
"634","QF28",58.81947095,-111.5684268,321.5698937,2.5,"113.733",610.8953247,2018-08-16 13:47:20
"635","QF28",58.81942945,-111.5685988,326.9824285,2.5,"115.077",594.8488159,2018-08-16 13:49:43
"636","QF29",58.81571093,-111.5661008,329.7700903,2.5,"123.598",650.0949097,2018-08-16 13:54:50
"637","QF29",58.81566129,-111.5662703,352.7241725,2,"122.248",667.2148438,2018-08-16 13:57:16
"638","QF29",58.8157747,-111.5663142,341.211312,2,"119.584",659.8688354,2018-08-16 14:00:28
"639","QF29",58.81575741,-111.5663804,347.6104338,2,"115.555",660.2288818,2018-08-16 14:02:49
"640","QF30",58.81418201,-111.558413,351.8192781,2.5,"144.066",645.2750854,2018-08-16 14:08:57
"641","QF30",58.81410345,-111.5581947,339.1370723,2.5,"143.435",623.6574707,2018-08-16 14:11:51
"642","QF31",58.81348931,-111.5526925,348.3349637,2.5,"106.76",726.3312378,2018-08-16 14:17:56
"643","QF31",58.81360082,-111.5526054,347.9563192,3,"102.85",736.1828003,2018-08-16 14:20:35
"644","QF32",58.8107563,-111.5479308,324.87727,2,"124.537",470.0231628,2018-08-16 14:25:35
"645","QF32",58.81102811,-111.5481326,323.0791152,2,"138.272",520.7212524,2018-08-16 14:28:12
"646","QF33",58.80773245,-111.5477248,352.2365448,2,"127.196",550.265625,2018-08-16 14:35:26
"647","QF33",58.80782409,-111.5477776,343.5733146,2,"128.16",569.5743408,2018-08-16 14:38:33
"648","QF34",58.80633711,-111.5423846,329.5085213,2,"123.964",466.443634,2018-08-16 14:44:56
"649","QF34",58.80640913,-111.542088,345.9920022,2.5,"129.069",501.1101685,2018-08-16 14:48:08
"650","QF35",58.80653605,-111.5293044,327.065998,3,"110.993",472.743103,2018-08-16 14:56:51
"651","QF35",58.80648065,-111.5292231,338.203463,3,"114.955",482.5159607,2018-08-16 14:59:43
"652","QF36",58.80331511,-111.5286223,339.2577554,2,"117.18",496.66922,2018-08-16 15:05:01
"653","QF36",58.80331342,-111.528688,353.4220769,2,"118.678",498.4058533,2018-08-16 15:07:35
"654","QF37",58.79961382,-111.5327233,344.2479835,2.5,"97.822",510.6596375,2018-08-16 15:14:07
"655","QF37",58.7995764,-111.5326409,337.1734481,2.5,"97.561",519.5712891,2018-08-16 15:16:48
"656","QF38",58.79508499,-111.5350003,333.0698073,2.5,"115.887",455.2700195,2018-08-16 15:23:00
"657","QF38",58.79513552,-111.5350239,335.6709005,2.5,"115.207",455.1757813,2018-08-16 15:25:29
"658","QF39",58.79223352,-111.530621,335.7602383,2.5,"120.511",474.6134949,2018-08-16 15:31:05
"659","QF39",58.79221006,-111.5307367,336.1308474,3,"119.101",470.1342468,2018-08-16 15:33:40
"662","QF40",58.79430837,-111.5199836,350.7458724,3,"103.822",538.663147,2018-08-16 15:51:14
"663","QF40",58.79434211,-111.5198673,351.5056306,3,"102.485",547.90625,2018-08-16 15:56:41
"664","QF40",58.79450992,-111.5194636,338.0567094,3,"107.683",519.6315918,2018-08-16 15:59:04
"665","QF41",58.79632205,-111.5123159,328.36455,2,"115.27",463.3215332,2018-08-16 16:05:28
"666","QF41",58.79625802,-111.5124203,318.5278164,2,"124.16",517.3074341,2018-08-16 16:08:36
"667","QF42",58.79439092,-111.5052877,343.7455466,2,"132.467",520.6723022,2018-08-16 17:10:42
"668","QF42",58.79441274,-111.5051994,344.8953512,2,"135.518",512.6622314,2018-08-16 17:14:47
"670","QF43",58.79156863,-111.5015743,338.60028,2.5,"103.826",568.5256958,2018-08-16 17:21:28
"671","QF43",58.79142509,-111.5013406,335.3828571,2.5,"107.4",555.9459839,2018-08-16 17:23:41
"672","QF44",58.79191745,-111.491913,345.5490453,2,"106.382",529.9443359,2018-08-16 17:29:39
"673","QF44",58.79209659,-111.4914326,341.0453599,2,"115.965",545.2804565,2018-08-16 17:32:10
"674","QF45",58.79452572,-111.4862431,338.577312,2,"123.253",490.5233765,2018-08-16 17:38:51
"675","QF45",58.79477512,-111.4856248,344.5872342,2,"120.012",495.2804565,2018-08-16 17:42:05
"676","QF46",58.79622143,-111.4790499,348.844961,2,"124.281",481.2269287,2018-08-16 17:47:41
"678","QF46",58.79625552,-111.4791656,339.9828873,2,"124.718",467.2487793,2018-08-16 17:53:15
"679","RC1",58.91457917,-111.17825,1655.44222,2,"354.316",2926.544922,2018-08-17 10:32:02
"680","RC1",58.9145595,-111.1782877,1678.338827,3,"359.199",2926.544189,2018-08-17 10:37:49
"681","RC2",58.9007173,-111.1904278,1650.445777,2,"281.365",2715.407959,2018-08-17 10:53:25
"682","RC2",58.90137282,-111.1900459,1669.533633,3,"283.4",2751.047363,2018-08-17 10:58:32
"683","RC3",58.88850532,-111.19518,1631.065715,2,"206.997",3502.999512,2018-08-17 11:11:23
"684","RC3",58.88852619,-111.1954134,1566.634451,2,"203.359",3634.07666,2018-08-17 11:15:29
"685","RC4",58.88324474,-111.2161726,1698.636789,2.5,"281.129",2776.662109,2018-08-17 11:30:34
"686","RC4",58.88336849,-111.2152765,1685.778983,2.5,"283.228",2772.09082,2018-08-17 11:36:24
"687","RC5",58.87805679,-111.2395276,1630.450466,3,"267.322",2830.619141,2018-08-17 11:50:37
"689","RC6",58.8714618,-111.2521264,1645.236566,2,"301.57",2635.82959,2018-08-17 12:13:39
"690","RC6",58.87196201,-111.2514029,1700.386227,2.5,"315.991",2707.612793,2018-08-17 12:20:07
"691","RC7",58.86074036,-111.2575957,1642.350956,3,"373.512",2609.437988,2018-08-17 12:34:34
"692","RC7",58.86143725,-111.2575061,1657.673213,2,"362.365",2612.254639,2018-08-17 12:41:14
"694","RC8",58.85089245,-111.2626725,1644.738229,3,"340.752",2681.650635,2018-08-17 12:55:00
"696","RC8",58.85119205,-111.2623596,1642.551545,3,"334.803",2672.523926,2018-08-17 13:07:35
"697","RC8",58.85103697,-111.2624483,1630.090306,3,"334.795",2660.951172,2018-08-17 13:13:58
"699","RC9",58.84474848,-111.2660646,1726.575144,3,"319.696",2754.100342,2018-08-17 13:54:37
"700","RC9",58.84524252,-111.265681,1728.583524,2.5,"346.235",2731.770508,2018-08-17 13:59:26
"701","RC10",58.82104533,-111.2795333,1711.704201,2.5,"263.041",2713.827148,2018-08-17 14:16:19
"702","RC10",58.82124013,-111.2795573,1686.470157,2.5,"260.606",2686.206787,2018-08-17 14:21:16
"703","RC11",58.81110275,-111.2831065,1256.200065,2.5,"191.276",2236.937988,2018-08-17 14:32:45
"704","RC11",58.81105192,-111.2831998,1224.002252,2.5,"194.143",2216.311279,2018-08-17 14:36:47
"705","RC12",58.80619159,-111.2885345,513.3215545,3,"190.708",954.4016113,2018-08-17 14:45:51
"706","RC12",58.80633114,-111.2885229,508.7915535,2.5,"191.087",960.352417,2018-08-17 14:50:04
"707","RC12",58.79908084,-111.297328,498.5248695,2,"170.997",1157.509277,2018-08-17 14:59:28
"708","RC12",58.79895304,-111.2975762,517.2694709,2.5,"163.278",1157.242554,2018-08-17 15:03:31
"709","RC14",58.79035636,-111.2872022,524.5411633,3,"98.494",869.4829712,2018-08-17 15:14:47
"710","RC14",58.79034459,-111.2873111,529.1961114,2.5,"101.527",819.0424194,2018-08-17 15:16:58
"711","RC15",58.78283858,-111.2708898,513.8357131,3,"121.099",899.8331299,2018-08-17 15:26:00
"712","RC15",58.78272289,-111.2706221,501.0268935,2.5,"126.338",894.5670166,2018-08-17 15:28:35
"713","RC16",58.78390552,-111.2659157,352.4090834,3,"148.762",666.1793823,2018-08-17 15:37:51
"714","RC16",58.78420652,-111.2658017,351.4323445,2.5,"135.788",680.0942993,2018-08-17 15:40:33
"715","RC17",58.79103794,-111.2718134,740.1050228,2.5,"138.332",1434.078125,2018-08-17 15:50:36
"716","RC17",58.79108483,-111.2716104,750.5212488,2.5,"142.192",1409.911133,2018-08-17 15:53:07
"717","RC18",58.8010714,-111.2808908,780.0581221,3,"175.666",1750.142578,2018-08-17 16:03:32
"718","RC18",58.80100808,-111.2807717,777.7876665,2.5,"168.831",1644.519287,2018-08-17 16:06:29
"719","RC19",58.80266284,-111.2835623,40.20177472,2.5,"50.262",129.8536682,2018-08-17 16:12:19
"720","RC19",58.80267865,-111.2836651,40.98345724,2,"52.32",112.3299026,2018-08-17 16:13:45
"721","RC20",58.80400302,-111.2817314,742.8051782,2.5,"132.441",1470.18103,2018-08-17 16:17:28
"722","RC20",58.8039753,-111.2816219,783.3228924,2.5,"134.738",1489.055786,2018-08-17 16:20:36
"728","QF47",58.79062886,-111.4707437,341.5392016,2,"85.246",741.5098877,2018-08-20 11:47:38
"731","QF47",58.79059138,-111.4708936,352.3684393,2,"85.718",753.6622314,2018-08-20 11:52:54
"732","QF47",58.79054035,-111.4706711,352.1418784,2,"86.098",750.2832031,2018-08-20 11:54:55
"733","QF48",58.78802162,-111.4615132,339.6085884,2,"99.447",558.5893555,2018-08-20 12:01:34
"734","QF48",58.78781192,-111.461189,372.2820218,3,"99.478",642.6925049,2018-08-20 12:04:52
"736","QF48",58.78787135,-111.4611647,362.6812222,2.5,"103.107",628.9423218,2018-08-20 12:09:19
"738","QF49",58.78446962,-111.4525275,343.5775873,2,"118.972",530.9033203,2018-08-20 12:18:56
"739","QF49",58.78438831,-111.45254,366.2250625,2,"120.221",544.8077393,2018-08-20 12:22:07
"741","QF50",58.77861985,-111.4465588,363.0899057,3,"119.438",550.0968628,2018-08-20 12:33:47
"743","QF50",58.77845462,-111.446325,364.123106,2,"115.543",535.315918,2018-08-20 12:39:42
"744","QF50",58.77840798,-111.4464634,354.0235284,2.5,"119.738",529.4694824,2018-08-20 12:42:32
"745","QF51",58.77351499,-111.4418738,381.1082385,3,"106.929",601.6413574,2018-08-20 12:49:19
"746","QF51",58.77345287,-111.4420028,362.8285058,2.5,"105.605",598.0413818,2018-08-20 12:51:52
"747","QF52",58.77184803,-111.4326406,374.9273297,2,"103.601",563.5143433,2018-08-20 12:59:25
"748","QF52",58.77190318,-111.4322949,373.0571441,2.5,"106.28",545.6676636,2018-08-20 13:01:56
"749","QF53",58.77087492,-111.4246181,355.8373026,3,"83.896",561.0941162,2018-08-20 13:08:29
"750","QF53",58.77083234,-111.4247113,370.9838681,2.5,"74.953",553.5812988,2018-08-20 13:10:32
"751","QF54",58.76772045,-111.4222553,363.3366267,2.5,"105.666",553.5214233,2018-08-20 13:15:19
"752","QF54",58.76770534,-111.4224639,363.5200298,3,"102.426",532.8328247,2018-08-20 13:17:50
"753","QF55",58.76489655,-111.4146387,370.3012492,2,"95.229",550.9436035,2018-08-20 13:25:07
"754","QF55",58.76478941,-111.4143319,369.8388008,2,"104.9",559.0518799,2018-08-20 13:27:58
"755","QF56",58.75614549,-111.3993591,365.8840115,2.5,"112.905",588.1320801,2018-08-20 13:40:55
"756","QF56",58.75597381,-111.399403,355.8379054,2.5,"116.199",587.2960815,2018-08-20 13:43:43
"757","QF57",58.75183552,-111.4001237,365.3217988,2.5,"106.101",587.2196045,2018-08-20 13:51:28
"758","QF57",58.75184419,-111.4000681,377.1749758,2.5,"105.146",596.7995605,2018-08-20 13:54:30
"759","QF58",58.75137973,-111.4104632,374.5922093,2.5,"104.805",518.6795654,2018-08-20 14:03:29
"760","QF58",58.75142884,-111.4101517,366.8994733,3,"111.656",544.7022095,2018-08-20 14:06:15
"761","QF59",58.75047337,-111.4187309,366.1339955,3,"107.275",541.3583984,2018-08-20 14:12:54
"762","QF59",58.75056244,-111.4185986,371.7473989,2.5,"108.632",538.6407471,2018-08-20 14:15:20
"763","QF60",58.74708784,-111.4193672,376.789037,3,"104.599",577.0167236,2018-08-20 14:20:17
"764","QF60",58.74694874,-111.4193497,356.5048693,2.5,"104.926",573.6650391,2018-08-20 14:22:47
"765","QF61",58.74365494,-111.4144597,381.9859622,2.5,"122.495",562.8262939,2018-08-20 14:28:52
"766","QF61",58.74348622,-111.4141935,380.4084258,2.5,"130.706",562.6283569,2018-08-20 14:31:36
"768","QF62",58.73872473,-111.4094902,367.7435644,2,"111.675",586.590332,2018-08-20 14:42:38
"769","QF63",58.73439789,-111.4155414,372.3704456,2.5,"96.368",542.3122559,2018-08-20 14:49:15
"770","QF63",58.73449424,-111.4153935,388.3764741,3,"96.909",569.0635376,2018-08-20 14:51:26
"771","QF64",58.73037042,-111.418554,368.9900841,2.5,"105.118",558.1965332,2018-08-20 15:03:51
"772","QF64",58.73028326,-111.4185627,370.3194859,3,"111.496",565.1842041,2018-08-20 15:06:19
"773","QF65",58.72572133,-111.4185593,367.4085249,3,"96.242",555.5291138,2018-08-20 15:13:50
"774","QF65",58.72570941,-111.4185184,372.526727,2,"98.727",564.711792,2018-08-20 15:16:39
"777","QF67",58.71486849,-111.4192497,367.3627233,3,"95.062",579.7098999,2018-08-20 15:34:01
"778","QF67",58.71468432,-111.4191304,362.5392295,2.5,"97.766",582.5935669,2018-08-20 15:36:25
"780","QF68",58.71167866,-111.4114547,368.9587119,2.5,"105.389",549.7244263,2018-08-20 15:45:39
"781","QF69",58.70830036,-111.4090886,354.211638,3,"102.548",595.2064209,2018-08-20 15:51:05
"782","QF69",58.70829412,-111.4091523,360.9406022,3,"104.955",602.4492188,2018-08-20 15:53:49
"785","QF71",58.70548486,-111.3988425,360.3012333,2.5,"127.404",574.1461792,2018-08-20 16:11:25
"786","QF71",58.70568169,-111.3984007,366.9659109,3,"141.788",598.9243164,2018-08-20 16:14:53
"787","QF72",58.70569256,-111.3918841,361.6671819,2,"129.623",605.1879272,2018-08-20 16:22:46
"789","QF72",58.70573967,-111.3921941,361.5789503,3,"127.456",603.7786865,2018-08-20 16:27:15
"790","QF73",58.70099165,-111.3916038,374.2339735,2,"120.157",579.0454102,2018-08-20 16:34:42
"791","QF73",58.70097016,-111.3916388,369.2530387,3,"122.131",582.9391479,2018-08-20 16:37:10
"792","QF_74",58.69471777,-111.3887319,362.1641983,2.5,"100.547",547.6787109,2018-08-20 16:44:49
"793","QF_74",58.69476298,-111.3887914,365.9573972,2,"107.123",557.4043579,2018-08-20 16:47:07
"794","QF_75",58.68722999,-111.382872,364.2292454,2,"104.955",563.4182739,2018-08-20 16:56:08
"795","QF_75",58.68721078,-111.3829827,360.465255,3,"106.015",565.8665771,2018-08-20 16:58:40
"796","QF_76",58.68242209,-111.3798573,344.829376,2.5,"81.388",577.6755371,2018-08-20 17:04:46
"797","QF_76",58.68236866,-111.3799036,363.6344256,2.5,"91.726",604.4458618,2018-08-20 17:06:54
"798","QF_77",58.68124931,-111.3724618,365.9749075,2.5,"107.36",534.2792358,2018-08-20 17:12:32
"799","QF_77",58.68122855,-111.3722919,357.0695,3,"105.889",534.3085938,2018-08-20 17:14:50
"800","MC_100",58.48015545,-111.4832366,106.3625868,2,"73.251",351.9277344,2018-08-21 11:17:11
"801","MC_100",58.4801771,-111.4832043,107.8596559,2,"73.697",336.4308777,2018-08-21 11:19:10
"802","EM_100",58.47807081,-111.4808596,159.4821442,2.5,"124.865",344.2258301,2018-08-21 11:27:33
"803","EM_100",58.47810108,-111.4807999,144.5292869,2,"119.579",343.511261,2018-08-21 11:30:30
"804","EM_100",58.47806556,-111.4808634,155.2092737,2,"126.481",343.0708923,2018-08-21 11:36:30
"805","EM_100",58.47822148,-111.4807325,154.1173375,2.5,"124.618",348.2678833,2018-08-21 11:39:22
"806","EM_101",58.47922667,-111.474819,52.71411509,3,"69.32",128.8453369,2018-08-21 11:45:25
"807","EM_101",58.47929063,-111.4747948,49.50367126,2.5,"76.04",125.9555359,2018-08-21 11:47:41
"808","MC_101",58.54448977,-111.4941272,110.7550215,2,"67.047",204.9878387,2018-08-21 15:47:41
"809","MC_101",58.54440912,-111.4942554,104.3544868,2.5,"68.678",209.7483368,2018-08-21 15:49:56
"810","MC_102",58.59533019,-111.4673585,94.62975891,2.5,"65.049",236.3137054,2018-08-21 16:53:15
"811","MC_102",58.59527255,-111.4673498,105.8947677,2.5,"72.224",239.7378693,2018-08-21 16:55:13
"812","MC_103",58.58724299,-111.4748216,103.3273073,2,"45.562",224.7991333,2018-08-21 17:09:09
"813","MC_103",58.58725568,-111.4749345,109.0963784,2.5,"45.665",227.8438416,2018-08-21 17:10:47
"815","MC_104",58.57958819,-111.4913477,105.9264405,2,"70.269",239.4430237,2018-08-21 17:27:01
"816","MC_105",58.56755124,-111.4993127,107.1846674,2.5,"56.576",243.2175751,2018-08-21 17:44:36
"817","MC_105",58.56761099,-111.4993758,103.7387257,2.5,"53.226",249.8579865,2018-08-21 17:46:13
"818","QF78",58.64011952,-111.3989257,56.39252381,2,"63.078",201.422348,2018-08-26 11:15:40
"819","QF78",58.64022693,-111.3988782,56.59043383,2,"58.956",207.4097137,2018-08-26 11:17:35
"821","QF79",58.63658684,-111.3920512,18.06187022,2,"35.454",77.23399353,2018-08-26 11:31:15
"822","QF79",58.63659169,-111.3920865,18.05105781,2.5,"35.347",78.17596436,2018-08-26 11:32:43
"823","QF80",58.63657068,-111.3909686,3.043253997,2,"21.631",31.41114998,2018-08-26 11:35:45
"824","QF80",58.63656648,-111.3910034,2.103665075,2,"20.653",30.25873184,2018-08-26 11:37:19
"825","QF81",58.63866665,-111.3897396,18.95014685,2,"32.477",84.63417816,2018-08-26 11:41:16
"826","QF81",58.63865361,-111.3897033,20.71349515,3,"32.065",87.03903961,2018-08-26 11:42:34
"827","QF82",58.64123508,-111.3830954,68.62575881,2.5,"63.484",233.9316101,2018-08-26 11:47:52
"828","QF82",58.64131174,-111.3830488,68.65501063,2.5,"60.744",232.3368835,2018-08-26 11:49:46
"830","QF83",58.64599571,-111.3598095,67.66698997,2.5,"56.714",255.1308136,2018-08-26 12:05:16
"831","QF83",58.64594767,-111.3597428,65.82506101,2,"59.859",259.0500488,2018-08-26 12:07:05
"832","QF84",58.65060029,-111.3205112,67.15203747,2.5,"60.466",247.8543091,2018-08-26 12:24:48
"833","QF84",58.65056138,-111.3204728,60.291289,2,"59.057",242.7937164,2018-08-26 12:26:48
"834","QF85",58.64928651,-111.3163203,46.23402949,2,"76.127",214.8738403,2018-08-26 12:32:20
"835","QF85",58.64931892,-111.3166,42.43102222,2,"77.871",210.0520935,2018-08-26 12:34:36
"836","QF86",58.64078654,-111.335627,15.72795476,2.5,"40.935",103.5776825,2018-08-26 12:45:56
"837","QF86",58.64080585,-111.3356704,15.96831369,2,"40.688",101.3049622,2018-08-26 12:47:44
"838","QF87",58.6408285,-111.3335771,29.69872603,2,"43.371",133.1856537,2018-08-26 12:51:03
"839","QF87",58.64079437,-111.3336762,26.16222593,2,"45.29",137.2705688,2018-08-26 12:52:28
"840","QF88",58.65044133,-111.3127945,91.49899543,2,"129.812",574.6311646,2018-08-26 13:10:37
"841","QF88",58.65037386,-111.3128195,105.2804887,2,"131.239",553.2634888,2018-08-26 13:13:47
"842","QF89",58.65374339,-111.298559,377.9453879,2.5,"108.11",559.3717651,2018-08-26 13:48:01
"843","QF89",58.65369854,-111.2986638,390.4517351,2,"112.609",557.1998291,2018-08-26 13:50:31
"845","QF90",58.65065605,-111.2868401,303.5427319,2.5,"153.919",565.9450073,2018-08-26 14:26:03
"846","QF90",58.65061481,-111.2871698,315.3791434,2.5,"146.468",562.2539063,2018-08-26 14:29:02
"847","QF91",58.6710877,-111.2417106,320.1172836,2.5,"186.864",706.4318237,2018-08-26 14:45:22
"848","QF91",58.6709089,-111.2420389,319.5970388,2.5,"157.316",611.888855,2018-08-26 14:49:31
"849","QF92",58.68615754,-111.2001257,336.1767523,2,"176.365",618.1381226,2018-08-26 15:07:20
"850","QF92",58.68609838,-111.2005277,331.6400259,2.5,"166.309",615.5907593,2018-08-26 15:11:35
"856","CP2",58.90539487,-111.4108948,69.85723466,2,"105.851",351.7597046,2018-08-18 11:45:10
"857","CP2",58.90564413,-111.4112618,71.27324213,2,"101.617",347.5599365,2018-08-18 11:48:05
"858","CP2",58.90553364,-111.4112742,70.08197298,2,"106.755",369.7221069,2018-08-18 11:50:14
"860","CP4",58.88627044,-111.3726269,75.89377184,2,"91.562",301.8085938,2018-08-18 12:24:30
"861","CP4",58.88635329,-111.3727805,84.40524146,3,"90.282",307.3262024,2018-08-18 12:26:41
"863","CP4",58.88622335,-111.3726738,71.11953232,2,"88.947",302.4714355,2018-08-18 12:30:18
"864","CP4",58.8862735,-111.372722,79.01006119,3,"88.307",301.5395203,2018-08-18 12:32:10
"865","CP5",58.8744763,-111.3335936,87.29673994,2.5,"123.595",354.3122559,2018-08-18 12:56:07
"866","CP5",58.87469143,-111.333785,80.77839059,2,"109.611",311.7364197,2018-08-18 12:58:46
"867","CP6",58.86686562,-111.3332856,85.38296845,2,"124.51",319.0970764,2018-08-18 13:09:20
"868","CP6",58.86689055,-111.3334133,88.49916709,2,"130.078",331.3381958,2018-08-18 13:12:15
"869","CP7",58.8587413,-111.3226551,95.6481296,2,"135.053",293.3514709,2018-08-18 13:23:46
"870","CP7",58.85864867,-111.322768,90.11889716,2,"134.612",287.5805664,2018-08-18 13:26:44
"872","CP8",58.86352718,-111.3308342,88.21833058,2,"107.145",287.7811279,2018-08-18 13:37:40
"874","CP9",58.87263867,-111.3330903,91.89105345,2.5,"147.706",264.7359619,2018-08-18 13:50:13
"875","CP9",58.87279519,-111.333315,95.43680753,2,"143.785",271.0531006,2018-08-18 13:53:33
"876","CP10",58.89640831,-111.3940191,90.36682726,2,"99.559",320.9267883,2018-08-18 15:30:46
"877","CP10",58.89639819,-111.3942047,96.20672037,2,"92.952",331.7261963,2018-08-18 15:33:06
"880","CP11",58.89233452,-111.3865394,93.84455632,2,"91.155",342.2028809,2018-08-18 15:48:03
"881","CP12",58.88744609,-111.374236,97.1621304,2,"81.354",345.9612122,2018-08-18 15:56:14
"883","CP12",58.8874075,-111.3740386,90.70731295,2,"83.667",351.0442505,2018-08-18 16:00:20
"884","CP12",58.88751586,-111.3745034,95.65141813,2,"78.85",356.8290405,2018-08-18 16:02:26
"886","CP13",58.88094598,-111.3664195,92.14699373,2,"76.967",326.271637,2018-08-18 16:12:07
"887","CP13",58.88099937,-111.3664169,97.8539872,2,"84.193",339.8242493,2018-08-18 16:14:21
"888","CP13",58.88095037,-111.3664895,94.2384204,2,"89.925",354.7988892,2018-08-18 16:16:15
"889","CP14",58.87932632,-111.3481687,89.54617634,2,"90.935",398.4438782,2018-08-18 16:27:56
"890","CP14",58.87912387,-111.3479379,86.38821588,2,"99.728",379.2497864,2018-08-18 16:30:04
"891","CP15",58.87783022,-111.3390993,83.44923945,2,"116.469",311.047821,2018-08-18 16:36:23
"892","CP15",58.87787694,-111.339492,85.03519268,2,"110.6",309.0692749,2018-08-18 16:39:07
"893","CP16",58.87055918,-111.333414,78.65342056,2,"135.269",286.9841614,2018-08-18 16:49:28
"894","CP16",58.87063382,-111.333512,82.61481373,2,"133.125",287.6088562,2018-08-18 16:52:21
"895","CP17",58.85484049,-111.3107809,75.53520062,2,"88.116",273.6482544,2018-08-18 17:12:05
"896","CP17",58.85496525,-111.3108562,75.43449693,2,"94.077",276.8682556,2018-08-18 17:14:12
"897","CP18",58.85825093,-111.2999428,76.791678,2,"97.94",268.5136108,2018-08-18 17:22:16
"898","CP18",58.85834263,-111.2993872,76.32323855,2,"104.175",263.7829895,2018-08-18 17:25:00
"899","CP19",58.8605051,-111.2895122,78.14498944,2,"101.512",245.9131775,2018-08-18 17:31:19
"900","CP19",58.86032844,-111.2893159,79.56747004,2,"114.321",277.1150513,2018-08-18 17:33:25
"901","CP20",58.86097192,-111.2777493,85.27918284,3,"92.842",225.7823029,2018-08-18 17:42:06
"902","CP20",58.86095713,-111.2776948,88.66891915,2.5,"95.626",244.6678467,2018-08-18 17:44:13
"903","CP21",58.85617865,-111.2705793,81.3806258,2,"111.694",256.0280762,2018-08-18 17:52:21
"904","CP21",58.85622822,-111.2706656,82.52303698,2,"112.902",253.2067261,2018-08-18 17:54:53
"905","CP22",58.85123031,-111.2695892,84.40407315,2,"132.035",244.450058,2018-08-18 18:01:25
"906","CP22",58.85130025,-111.2700098,76.79760875,2,"125.445",276.6654663,2018-08-18 18:04:38
